,BABY,BOOK,BOTTLE,CAT,DOG,HAND,SHOE,SPOON,words
0,3.6375861597263857,0.9985288301111273,1.072636802264849,0.9985288301111273,1.4403615823901665,1.072636802264849,1.1526795099383855,1.1526795099383855,baby
1,0.9985288301111273,3.6375861597263857,1.3350010667323402,0.8043728156701697,1.1526795099383855,0.9295359586241757,1.4403615823901665,1.4403615823901665,book
2,1.072636802264849,1.3350010667323402,3.6375861597263857,0.8649974374866046,1.2396908869280152,0.9985288301111273,1.55814461804655,2.2512917986064953,bottle
3,0.9985288301111273,0.8043728156701697,0.8649974374866046,3.6375861597263857,2.0281482472922856,0.6931471805599453,0.9295359586241757,0.9295359586241757,cat
4,1.4403615823901665,1.1526795099383855,1.2396908869280152,2.0281482472922856,3.6375861597263857,0.9985288301111273,1.3350010667323402,1.3350010667323402,dog
5,1.072636802264849,0.9295359586241757,0.9985288301111273,0.6931471805599453,0.9985288301111273,3.6375861597263857,1.072636802264849,1.072636802264849,hand
6,1.1526795099383855,1.4403615823901665,1.55814461804655,0.9295359586241757,1.3350010667323402,1.072636802264849,3.6375861597263857,1.6916760106710724,shoe
7,1.1526795099383855,1.4403615823901665,2.2512917986064953,0.9295359586241757,1.3350010667323402,1.072636802264849,1.6916760106710724,3.6375861597263857,spoon
