,BABY,BOOK,BOTTLE,CAT,DOG,HAND,SHOE,SPOON,words
0,1.0,0.07142857142857142,0.07692307692307693,0.07142857142857142,0.1111111111111111,0.07692307692307693,0.08333333333333333,0.08333333333333333,baby
1,0.07142857142857142,1.0,0.1,0.058823529411764705,0.08333333333333333,0.06666666666666667,0.1111111111111111,0.1111111111111111,book
2,0.07692307692307693,0.1,1.0,0.0625,0.09090909090909091,0.07142857142857142,0.125,0.25,bottle
3,0.07142857142857142,0.058823529411764705,0.0625,1.0,0.2,0.05263157894736842,0.06666666666666667,0.06666666666666667,cat
4,0.1111111111111111,0.08333333333333333,0.09090909090909091,0.2,1.0,0.07142857142857142,0.1,0.1,dog
5,0.07692307692307693,0.06666666666666667,0.07142857142857142,0.05263157894736842,0.07142857142857142,1.0,0.07692307692307693,0.07692307692307693,hand
6,0.08333333333333333,0.1111111111111111,0.125,0.06666666666666667,0.1,0.07692307692307693,1.0,0.14285714285714285,shoe
7,0.08333333333333333,0.1111111111111111,0.25,0.06666666666666667,0.1,0.07692307692307693,0.14285714285714285,1.0,spoon
