,BABY,BOOK,BOTTLE,CAT,DOG,HAND,SHOE,SPOON,words
0,1.0,0.38095238095238093,0.4,0.48,0.6,0.25,0.42105263157894735,0.42105263157894735,baby
1,0.38095238095238093,1.0,0.5263157894736842,0.3333333333333333,0.42105263157894735,0.2222222222222222,0.5555555555555556,0.5555555555555556,book
2,0.4,0.5263157894736842,1.0,0.34782608695652173,0.4444444444444444,0.23529411764705882,0.5882352941176471,0.8235294117647058,bottle
3,0.48,0.3333333333333333,0.34782608695652173,1.0,0.8571428571428571,0.18181818181818182,0.36363636363636365,0.36363636363636365,cat
4,0.6,0.42105263157894735,0.4444444444444444,0.8571428571428571,0.9285714285714286,0.23529411764705882,0.47058823529411764,0.47058823529411764,dog
5,0.25,0.2222222222222222,0.23529411764705882,0.18181818181818182,0.23529411764705882,1.0,0.25,0.25,hand
6,0.42105263157894735,0.5555555555555556,0.5882352941176471,0.36363636363636365,0.47058823529411764,0.25,1.0,0.625,shoe
7,0.42105263157894735,0.5555555555555556,0.8235294117647058,0.36363636363636365,0.47058823529411764,0.25,0.625,0.9,spoon
